time_s,dominant_freq_hz
0.042666666,8578.125
0.08533333,8976.5625
0.128,8953.125
0.17066666,8578.125
0.21333334,8742.1875
0.256,9023.4375
0.29866666,37476.562
0.34133333,37476.562
0.384,8718.75
0.42666668,8929.6875
0.46933332,8695.3125
0.512,8601.5625
0.55466664,37453.125
0.5973333,8625.0
0.64,8929.6875
0.68266666,8859.375
0.72533333,8812.5
0.768,8882.8125
0.8106667,8929.6875
0.85333335,8648.4375
0.896,8695.3125
0.93866664,8859.375
0.9813333,8953.125
1.024,9000.0
1.0666667,8742.1875
1.1093333,8601.5625
1.152,8953.125
1.1946666,8742.1875
1.2373333,8671.875
1.28,8882.8125
1.3226666,8718.75
1.3653333,37476.562
1.408,37523.438
1.4506667,8625.0
1.4933333,8835.9375
1.536,9023.4375
1.5786667,8812.5
1.6213334,37710.938
1.664,9000.0
1.7066667,8976.5625
1.7493334,9000.0
1.792,8625.0
1.8346666,8742.1875
1.8773333,8671.875
1.92,8835.9375
1.9626666,8835.9375
2.0053334,8812.5
2.048,8671.875
2.0906668,8695.3125
2.1333334,8976.5625
2.176,8718.75
2.2186666,8789.0625
2.2613332,9023.4375
2.304,8835.9375
2.3466666,8648.4375
2.3893332,8953.125
2.432,8578.125
2.4746666,37429.688
2.5173333,37406.25
2.56,37476.562
2.6026666,8812.5
2.6453333,8812.5
2.688,8671.875
2.7306666,38062.5
2.7733333,8695.3125
2.816,8789.0625
2.8586667,8601.5625
2.9013333,8976.5625
2.944,8718.75
2.9866667,8718.75
3.0293334,8976.5625
3.072,9000.0
3.1146667,8976.5625
3.1573334,8695.3125
3.2,8929.6875
3.2426667,8976.5625
3.2853334,8695.3125
3.328,8695.3125
3.3706667,8648.4375
3.4133334,8812.5
3.456,8648.4375
3.4986668,9023.4375
3.5413334,37476.562
3.584,37453.125
3.6266668,37500.0
3.6693332,8695.3125
3.712,8765.625
3.7546666,8882.8125
3.7973332,38203.125
3.84,8625.0
3.8826666,8625.0
3.9253333,8882.8125
3.968,9000.0
4.010667,8929.6875
4.0533333,8953.125
4.096,8742.1875
4.1386666,8625.0
4.1813335,8953.125
4.224,8835.9375
4.266667,8718.75
4.3093333,8671.875
4.352,8742.1875
4.3946667,8648.4375
4.437333,8906.25
4.48,8625.0
4.5226665,8742.1875
4.5653334,8882.8125
4.608,9000.0
4.6506667,37453.125
4.693333,37453.125
4.736,8578.125
4.7786665,8671.875
4.8213334,8718.75
4.864,8718.75
4.9066668,37289.062
4.949333,8976.5625
4.992,8625.0
5.0346665,8789.0625
5.0773335,8765.625
5.12,8671.875
5.162667,8929.6875
5.205333,8648.4375
5.248,8625.0
5.2906666,8648.4375
5.3333335,8578.125
5.376,8765.625
5.418667,8671.875
5.4613333,8671.875
5.504,8742.1875
5.5466666,8906.25
5.5893335,8976.5625
5.632,8812.5
5.674667,37500.0
5.7173333,37453.125
5.76,37453.125
5.8026667,8578.125
5.845333,8625.0
5.888,8953.125
5.9306664,36984.375
5.9733334,37898.438
6.016,8625.0
6.0586667,8789.0625
6.101333,8695.3125
6.144,8578.125
6.1866665,8835.9375
6.2293334,8976.5625
6.272,8671.875
6.3146667,8882.8125
6.357333,8718.75
6.4,9023.4375
6.4426665,9023.4375
6.4853334,8835.9375
6.528,8742.1875
6.570667,8718.75
6.613333,8882.8125
6.656,8882.8125
6.6986666,9000.0
6.7413335,8718.75
6.784,37500.0
6.826667,37453.125
6.8693333,8671.875
6.912,9000.0
6.9546666,8648.4375
6.9973335,8718.75
7.04,37664.062
7.082667,8976.5625
7.1253333,8671.875
7.168,8953.125
7.2106667,8789.0625
7.2533336,8671.875
7.296,8929.6875
7.3386664,8906.25
7.3813334,8578.125
7.424,8742.1875
7.4666667,8695.3125
7.509333,8648.4375
7.552,8765.625
7.5946665,8601.5625
7.6373334,8953.125
7.68,8953.125
7.7226667,8859.375
7.765333,8929.6875
7.808,8695.3125
7.8506665,37476.562
7.8933334,37453.125
7.936,8976.5625
7.978667,8835.9375
8.021334,8976.5625
8.064,8765.625
8.106667,8929.6875
8.149333,8718.75
8.192,8671.875
8.234667,8695.3125
8.277333,8742.1875
8.32,8906.25
8.362667,8835.9375
8.4053335,8953.125
8.448,8742.1875
8.490666,8882.8125
8.533334,8695.3125
8.576,8718.75
8.618667,8812.5
8.661333,8671.875
8.704,9000.0
8.746667,8859.375
8.789333,9000.0
8.832,8765.625
8.874666,8671.875
8.917334,37500.0
8.96,37429.688
9.002666,9000.0
9.045333,8812.5
9.088,8812.5
9.130667,37664.062
9.173333,37781.25
9.216,8812.5
9.258667,8835.9375
9.301333,9023.4375
9.344,8765.625
9.386666,8742.1875
9.429334,8742.1875
9.472,8601.5625
9.514667,8648.4375
9.557333,8695.3125
9.6,9000.0
9.642667,8953.125
9.685333,8648.4375
9.728,8578.125
9.770667,8835.9375
9.8133335,8625.0
9.856,8812.5
9.898666,8625.0
9.941334,8953.125
9.984,37476.562
10.026667,37476.562
10.069333,8789.0625
10.112,8859.375
10.154667,8882.8125
10.197333,37710.938
10.24,8625.0
10.282666,8929.6875
10.325334,8601.5625
10.368,8765.625
10.410666,8625.0
10.453333,8742.1875
10.496,8578.125
10.538667,8742.1875
10.581333,8859.375
10.624,9023.4375
10.666667,8718.75
10.709333,8765.625
10.752,8835.9375
10.794666,8765.625
10.837334,8695.3125
10.88,8835.9375
10.922667,8812.5
10.965333,8976.5625
11.008,37476.562
11.050667,37429.688
11.093333,37500.0
11.136,8648.4375
11.178667,8976.5625
11.2213335,8812.5
11.264,8812.5
11.306666,8789.0625
11.349334,8789.0625
11.392,8929.6875
11.434667,8648.4375
11.477333,8695.3125
11.52,8765.625
11.562667,8718.75
11.605333,8953.125
11.648,8789.0625
11.690666,8601.5625
11.733334,8859.375
11.776,8765.625
11.818666,8835.9375
11.861333,8671.875
11.904,8906.25
11.946667,8835.9375
11.989333,8695.3125
12.032,8742.1875
12.074667,8812.5
12.117333,37453.125
12.16,8765.625
12.202666,37500.0
12.245334,8835.9375
12.288,8742.1875
12.330667,8859.375
12.373333,38390.625
12.416,8601.5625
12.458667,8601.5625
12.501333,8648.4375
12.544,8812.5
12.586667,8625.0
12.6293335,8742.1875
12.672,8812.5
12.714666,8601.5625
12.757334,8648.4375
12.8,8742.1875
12.842667,8625.0
12.885333,8765.625
12.928,8578.125
12.970667,8648.4375
13.013333,8648.4375
13.056,8625.0
13.098666,9000.0
13.141334,9000.0
13.184,37476.562
13.226666,37429.688
13.269333,37453.125
13.312,9000.0
13.354667,8906.25
13.397333,8906.25
13.44,37875.0
13.482667,8953.125
13.525333,8953.125
13.568,8859.375
13.610666,8695.3125
13.653334,8812.5
13.696,8648.4375
13.738667,8765.625
13.781333,8578.125
13.824,8695.3125
13.866667,9000.0
13.909333,8601.5625
13.952,8812.5
13.994667,8601.5625
14.0373335,8625.0
14.08,8578.125
14.122666,8859.375
14.165334,8835.9375
14.208,8601.5625
14.250667,37500.0
14.293333,37523.438
14.336,37453.125
14.378667,8812.5
14.421333,8718.75
14.464,8742.1875
14.506667,37898.438
14.549334,37664.062
14.592,8812.5
14.634666,8789.0625
14.677333,8953.125
14.72,8695.3125
14.762667,8953.125
14.805333,8953.125
14.848,8906.25
14.890667,8812.5
14.933333,8695.3125
14.976,8695.3125
15.018666,8625.0
15.061334,8953.125
15.104,8718.75
15.146667,8976.5625
15.189333,8906.25
15.232,8953.125
15.274667,8648.4375
15.317333,8718.75
15.36,37429.688
15.402667,37429.688
15.4453335,8976.5625
15.488,8742.1875
15.530666,8835.9375
15.573334,8929.6875
15.616,37898.438
15.658667,9000.0
15.701333,8742.1875
15.744,8671.875
15.786667,8882.8125
15.829333,8695.3125
15.872,8695.3125
15.914667,8648.4375
15.957334,8835.9375
16.0,8835.9375
16.042667,8976.5625
16.085333,8929.6875
16.128,8882.8125
16.170666,9000.0
16.213333,8812.5
16.256,8953.125
16.298666,8953.125
16.341333,9023.4375
16.384,8976.5625
16.426666,37476.562
16.469334,37476.562
16.512,37500.0
16.554667,8859.375
16.597334,8648.4375
16.64,8906.25
16.682667,37078.125
16.725334,8718.75
16.768,8835.9375
16.810667,8695.3125
16.853333,8601.5625
16.896,8601.5625
16.938667,8789.0625
16.981333,8765.625
17.024,8859.375
17.066668,8742.1875
17.109333,8882.8125
17.152,9000.0
17.194666,8671.875
17.237333,8671.875
17.28,8953.125
17.322666,8789.0625
17.365334,8953.125
17.408,8789.0625
17.450666,8882.8125
17.493334,9000.0
17.536,37523.438
17.578667,37476.562
17.621334,8789.0625
17.664,8812.5
17.706667,8671.875
17.749332,8601.5625
17.792,8882.8125
17.834667,8835.9375
17.877333,9000.0
17.92,8906.25
17.962667,8742.1875
18.005333,8789.0625
18.048,8718.75
18.090666,8601.5625
18.133333,8601.5625
18.176,8859.375
18.218666,8812.5
18.261333,8601.5625
18.304,8765.625
18.346666,8835.9375
18.389334,8929.6875
18.432,8906.25
18.474667,8906.25
18.517334,8859.375
18.56,8976.5625
18.602667,37476.562
18.645334,37523.438
18.688,8625.0
18.730667,8976.5625
18.773333,8695.3125
18.816,8625.0
18.858667,37125.0
18.901333,37617.188
18.944,8742.1875
18.986666,8789.0625
19.029333,8765.625
19.072,8882.8125
19.114666,8882.8125
19.157333,8648.4375
19.2,8765.625
19.242666,8906.25
19.285334,9023.4375
19.328,8789.0625
19.370667,8882.8125
19.413334,8812.5
19.456,8695.3125
19.498667,8906.25
19.541334,8648.4375
19.584,8625.0
19.626667,8578.125
19.669333,37523.438
19.712,37453.125
19.754667,8765.625
19.797333,8578.125
19.84,8648.4375
19.882668,8671.875
19.925333,37429.688
19.968,8953.125
20.010666,8601.5625
20.053333,8976.5625
20.096,8578.125
20.138666,8695.3125
20.181334,8695.3125
20.224,8789.0625
20.266666,8906.25
20.309334,8859.375
20.352,8812.5
20.394667,8906.25
20.437334,8835.9375
20.48,8929.6875
20.522667,8601.5625
20.565332,9000.0
20.608,8742.1875
20.650667,9000.0
20.693333,8695.3125
20.736,37476.562
20.778667,37453.125
20.821333,37476.562
20.864,8859.375
20.906666,8953.125
20.949333,8812.5
20.992,8812.5
21.034666,37757.812
21.077333,8625.0
21.12,8882.8125
21.162666,8625.0
21.205334,8648.4375
21.248,8578.125
21.290667,8695.3125
21.333334,8882.8125
21.376,8812.5
21.418667,8906.25
21.461334,8953.125
21.504,8718.75
21.546667,8648.4375
21.589333,8695.3125
21.632,8695.3125
21.674667,9023.4375
21.717333,8929.6875
21.76,37500.0
21.802668,37476.562
21.845333,37453.125
21.888,8812.5
21.930666,8601.5625
21.973333,8859.375
22.016,36726.562
22.058666,8929.6875
22.101334,8671.875
22.144,8976.5625
22.186666,8789.0625
22.229334,9000.0
22.272,8648.4375
22.314667,8976.5625
22.357334,8742.1875
22.4,8976.5625
22.442667,8601.5625
22.485332,8812.5
22.528,9023.4375
22.570667,8671.875
22.613333,8625.0
22.656,8929.6875
22.698668,8742.1875
22.741333,8601.5625
22.784,8882.8125
22.826666,37476.562
22.869333,37500.0
22.912,9046.875
22.954666,9046.875
22.997334,8882.8125
23.04,8765.625
23.082666,8601.5625
23.125334,8742.1875
23.168,8601.5625
23.210667,8671.875
23.253334,8906.25
23.296,8882.8125
23.338667,8625.0
23.381332,8882.8125
23.424,8929.6875
23.466667,8648.4375
23.509333,9000.0
23.552,8835.9375
23.594667,8929.6875
23.637333,8882.8125
23.68,8695.3125
23.722666,8671.875
23.765333,8976.5625
23.808,8671.875
23.850666,8976.5625
23.893333,8718.75
23.936,37523.438
23.978666,37500.0
24.021334,8929.6875
24.064,8882.8125
24.106667,37757.812
24.149334,8906.25
24.192,8742.1875
24.234667,8601.5625
24.277334,8882.8125
24.32,8953.125
24.362667,8765.625
24.405333,8648.4375
24.448,8648.4375
24.490667,8742.1875
24.533333,8578.125
24.576,8789.0625
24.618668,8882.8125
24.661333,8765.625
24.704,8859.375
24.746666,8742.1875
24.789333,9046.875
24.832,8601.5625
24.874666,8718.75
24.917334,8953.125
24.96,37429.688
25.002666,8835.9375
25.045334,8976.5625
25.088,8882.8125
25.130667,36656.25
25.173334,37031.25
25.216,8789.0625
25.258667,8953.125
25.301332,8625.0
25.344,8625.0
25.386667,8625.0
25.429333,8625.0
25.472,8648.4375
25.514668,8976.5625
25.557333,8906.25
25.6,8648.4375
25.642666,8835.9375
25.685333,8882.8125
25.728,8718.75
25.770666,8601.5625
25.813334,8648.4375
25.856,8625.0
25.898666,8625.0
25.941334,8929.6875
25.984,37476.562
26.026667,37429.688
26.069334,9000.0
26.112,8976.5625
26.154667,8578.125
26.197332,8695.3125
26.24,37546.875
26.282667,8625.0
26.325333,8695.3125
26.368,8765.625
26.410667,8648.4375
26.453333,8906.25
26.496,8718.75
26.538666,8625.0
26.581333,8929.6875
26.624,8648.4375
26.666666,8882.8125
26.709333,8953.125
26.752,8742.1875
26.794666,8601.5625
26.837334,8554.6875
26.88,8835.9375
26.922667,8625.0
26.965334,8718.75
27.008,8812.5
27.050667,37453.125
27.093334,37476.562
27.136,8601.5625
27.178667,9000.0
27.221333,9000.0
27.264,8671.875
27.306667,37312.5
27.349333,8953.125
27.392,8718.75
27.434668,8812.5
27.477333,8882.8125
27.52,8812.5
27.562666,8976.5625
27.605333,8789.0625
27.648,8695.3125
27.690666,8648.4375
27.733334,8953.125
27.776,8953.125
27.818666,8953.125
27.861334,8671.875
27.904,9000.0
27.946667,8835.9375
27.989334,8671.875
28.032,8812.5
28.074667,8625.0
28.117332,37453.125
28.16,37476.562
28.202667,8929.6875
28.245333,8859.375
28.288,8648.4375
28.330667,8906.25
28.373333,37734.375
28.416,8929.6875
28.458666,8976.5625
28.501333,8906.25
28.544,8789.0625
28.586666,8671.875
28.629333,8718.75
28.672,9000.0
28.714666,8929.6875
28.757334,8859.375
28.8,8695.3125
28.842667,8812.5
28.885334,8718.75
28.928,8695.3125
28.970667,8906.25
29.013334,8718.75
29.056,9000.0
29.098667,8906.25
29.141333,8882.8125
29.184,9023.4375
29.226667,37523.438
29.269333,8859.375
29.312,8578.125
29.354666,8671.875
29.397333,8718.75
29.44,8578.125
29.482666,8671.875
29.525333,8695.3125
29.568,8718.75
29.610666,8929.6875
29.653334,8859.375
29.696,8929.6875
29.738667,8812.5
29.781334,8625.0
29.824,9023.4375
29.866667,8718.75
29.909334,8953.125
29.952,8906.25
29.994667,8976.5625
30.037333,8601.5625
30.08,9000.0
30.122667,8835.9375
30.165333,8882.8125
30.208,8976.5625
30.250668,8976.5625
30.293333,37500.0
30.336,37429.688
30.378666,8648.4375
30.421333,8835.9375
30.464,8789.0625
30.506666,8765.625
30.549334,8882.8125
30.592,8812.5
30.634666,9000.0
30.677334,8906.25
30.72,8812.5
30.762667,8835.9375
30.805334,8765.625
30.848,8976.5625
30.890667,8765.625
30.933332,8812.5
30.976,8718.75
31.018667,8906.25
31.061333,9023.4375
31.104,8882.8125
31.146667,8976.5625
31.189333,8671.875
31.232,8859.375
31.274666,8835.9375
31.317333,9000.0
31.36,8671.875
31.402666,37523.438
31.445333,37476.562
31.488,37500.0
31.530666,8765.625
31.573334,8812.5
31.616,8859.375
31.658667,38250.0
31.701334,8625.0
31.744,8859.375
31.786667,8695.3125
31.829334,8671.875
31.872,8953.125
31.914667,8789.0625
31.957333,8859.375
32.0,8812.5
